{
  "resources": {
    "head": [
      {
        "type": "style",
        "src": "./css/sortable-theme-{{ options.theme }}.css"
      }
    ],
    "body": [
      {
        "type": "script",
        "src": "./js/install.js"
      },
      {
        "type": "script",
        "src": "./js/sortable.js"
      }
    ]
  },
  "options": {
    "properties": {
      "theme": {
        "title": "Theme",
        "type": "string",
        "enum": [
          "minimal",
          "light",
          "bootstrap",
          "slick",
          "dark",
          "finder"
        ],
        "enumNames": {
          "minimal": "Minimal",
          "light": "Light",
          "bootstrap": "Bootstrap",
          "slick": "Slick",
          "dark": "Dark",
          "finder": "Finder"
        },
        "default": "minimal"
      }
    }
  }
}
